<?xml version="1.0" encoding="UTF-8" standalone="yes"?>
<addon id="repository.aanotherworld"
       name="AANOTHERWORLD Repo"
       version="1.0.0"
       provider-name="AANOTHERWORLD">
    <requires>
        <import addon="xbmc.addon" version="16.1.000"/>
    </requires>
    <extension point="xbmc.addon.repository" name="AANOTHERWORLD Repo">
        <info compressed="false">https://raw.githubusercontent.com/AANOTHERWORLD/kodi_personal/main/addons.xml</info>
        <checksum>https://raw.githubusercontent.com/AANOTHERWORLD/kodi_personal/main/addons.xml.md5</checksum>
        <datadir zip="true">https://raw.githubusercontent.com/AANOTHERWORLD/kodi_personal/main/zips/</datadir>
    </extension>
    <extension point="xbmc.addon.metadata">
        <summary lang="en_GB">Personal Kodi repository hosting AANOTHERWORLD add-ons</summary>
        <description lang="en_GB">Install the repository to access the AANOTHERWORLD Wizard and future add-ons.</description>
        <platform>all</platform>
        <license>MIT</license>
        <source>https://github.com/AANOTHERWORLD/kodi_personal</source>
    </extension>
</addon>
