<?xml version="1.0" encoding="UTF-8" standalone="yes"?>
<addon id="plugin.program.aanotherworldwizard"
       name="AANOTHERWORLD Wizard"
       version="1.0.0"
       provider-name="AANOTHERWORLD">
    <requires>
        <import addon="xbmc.python" version="3.0.0"/>
    </requires>
    <extension point="xbmc.python.script" library="addon.py" />
    <extension point="xbmc.addon.metadata">
        <summary lang="en_GB">Self-updating build wizard for AANOTHERWORLD</summary>
        <description lang="en_GB">Reads a remote manifest, downloads your GitHub build ZIP, verifies MD5, and extracts into Kodi.</description>
        <platform>all</platform>
        <license>MIT</license>
        <source>https://github.com/AANOTHERWORLD/KODI_PERSONAL</source>
    </extension>
</addon>
